Match_id,Bowler_stats,Team,Opposite_Team,Innings
1,Boult   10 1 48 1 0 1 4.80,New Zealand,England,1
1,Matt Henry   10 1 48 3 0 0 4.80,New Zealand,England,1
1,Santner   10 0 37 2 0 1 3.70,New Zealand,England,1
1,Neesham   7 0 56 0 0 4 8.00,New Zealand,England,1
1,Rachin Ravindra   10 0 76 1 0 0 7.60,New Zealand,England,1
1,Glenn Phillips   3 0 17 2 0 0 5.70,New Zealand,England,1
2,Aryan Dutt   10 0 48 1 0 2 4.80,Netherlands,Pakistan,1
2,van Beek   6 0 30 1 0 1 5.00,Netherlands,Pakistan,1
2,Ackermann   8 1 39 2 0 0 4.90,Netherlands,Pakistan,1
2,van Meekeren   6 0 40 1 0 2 6.70,Netherlands,Pakistan,1
2,Bas de Leede   9 0 62 4 0 3 6.90,Netherlands,Pakistan,1
2,van der Merwe   6 0 36 0 1 0 6.00,Netherlands,Pakistan,1
2,Vikramjit Singh   2 0 16 0 0 0 8.00,Netherlands,Pakistan,1
2,Saqib Zulfiqar   2 0 15 0 0 0 7.50,Netherlands,Pakistan,1
3,Taskin Ahmed   6 0 32 1 0 1 5.30,Bangladesh,Afghanistan,1
3,Shoriful Islam   6.2 1 34 2 0 2 5.40,Bangladesh,Afghanistan,1
3,Mustafizur   7 1 28 1 0 0 4.00,Bangladesh,Afghanistan,1
3,Shakib (c)   8 0 30 3 0 0 3.80,Bangladesh,Afghanistan,1
3,Mehidy Hasan Miraz   9 3 25 3 0 5 2.80,Bangladesh,Afghanistan,1
3,Mahmudullah   1 0 7 0 0 0 7.00,Bangladesh,Afghanistan,1
4,Rajitha   10 1 90 1 0 2 9.00,Sri Lanka,South Africa,1
4,Dilshan Madushanka   10 0 86 2 1 3 8.60,Sri Lanka,South Africa,1
4,Shanaka (c)   6 0 36 0 0 0 6.00,Sri Lanka,South Africa,1
4,Dhananjaya de Silva   4 0 39 0 0 1 9.80,Sri Lanka,South Africa,1
4,Matheesha Pathirana   10 0 95 1 0 13 9.50,Sri Lanka,South Africa,1
4,Dunith Wellalage   10 0 81 1 0 2 8.10,Sri Lanka,South Africa,1
5,Bumrah   10 0 35 2 0 4 3.50,India,Australia,1
5,Siraj   6.3 1 26 1 0 2 4.00,India,Australia,1
5,Hardik Pandya   3 0 28 1 0 0 9.30,India,Australia,1
5,Ashwin   10 1 34 1 0 0 3.40,India,Australia,1
5,Kuldeep Yadav   10 0 42 2 0 0 4.20,India,Australia,1
5,Ravindra Jadeja   10 2 28 3 0 0 2.80,India,Australia,1
6,Aryan Dutt   10 2 62 2 0 5 6.20,Netherlands,New Zealand,1
6,Ryan Klein   7 1 41 0 0 3 5.90,Netherlands,New Zealand,1
6,van Meekeren   9 0 59 2 1 0 6.60,Netherlands,New Zealand,1
6,van der Merwe   9 0 56 2 0 0 6.20,Netherlands,New Zealand,1
6,Ackermann   4 0 28 0 0 0 7.00,Netherlands,New Zealand,1
6,Bas de Leede   10 0 64 1 1 0 6.40,Netherlands,New Zealand,1
6,Vikramjit Singh   1 0 9 0 0 0 9.00,Netherlands,New Zealand,1
7,Mustafizur   10 0 70 0 0 0 7.00,Bangladesh,England,1
7,Taskin Ahmed   6 0 38 1 0 2 6.30,Bangladesh,England,1
7,Shoriful Islam   10 0 75 3 0 1 7.50,Bangladesh,England,1
7,Mahedi Hasan   8 0 71 4 0 0 8.90,Bangladesh,England,1
7,Shakib (c)   10 0 52 1 0 1 5.20,Bangladesh,England,1
7,Mehidy Hasan Miraz   6 0 55 0 0 0 9.20,Bangladesh,England,1
8,Shaheen Afridi   9 0 66 1 0 4 7.30,Pakistan,Sri Lanka,1
8,Hasan Ali   10 0 71 4 1 3 7.10,Pakistan,Sri Lanka,1
8,Mohammad Nawaz   9 0 62 1 0 0 6.90,Pakistan,Sri Lanka,1
8,Haris Rauf   10 0 64 2 0 1 6.40,Pakistan,Sri Lanka,1
8,Shadab Khan   8 0 55 1 0 0 6.90,Pakistan,Sri Lanka,1
8,Iftikhar Ahmed   4 0 22 0 0 1 5.50,Pakistan,Sri Lanka,1
9,Bumrah   10 0 39 4 0 3 3.90,India,Afghanistan,1
9,Siraj   9 0 76 0 0 1 8.40,India,Afghanistan,1
9,Hardik Pandya   7 0 43 2 0 3 6.10,India,Afghanistan,1
9,Thakur   6 0 31 1 1 1 5.20,India,Afghanistan,1
9,Kuldeep Yadav   10 0 40 1 0 0 4.00,India,Afghanistan,1
9,Ravindra Jadeja   8 0 38 0 1 0 4.80,India,Afghanistan,1
10,Starc   9 1 53 2 0 1 5.90,Australia,South Africa,1
10,Hazlewood   9 0 60 1 0 3 6.70,Australia,South Africa,1
10,Maxwell   10 1 34 2 0 2 3.40,Australia,South Africa,1
10,Cummins (c)   9 0 71 1 0 0 7.90,Australia,South Africa,1
10,Zampa   10 0 70 1 0 1 7.00,Australia,South Africa,1
10,Mitchell Marsh   1 0 6 0 0 0 6.00,Australia,South Africa,1
10,Stoinis   2 0 11 0 0 0 5.50,Australia,South Africa,1
11,Boult   10 0 45 2 0 2 4.50,New Zealand,Bangladesh,1
11,Matt Henry   10 0 58 2 1 0 5.80,New Zealand,Bangladesh,1
11,Lockie Ferguson   10 0 49 3 2 2 4.90,New Zealand,Bangladesh,1
11,Santner   10 1 31 1 0 0 3.10,New Zealand,Bangladesh,1
11,Glenn Phillips   2 0 13 1 1 0 6.50,New Zealand,Bangladesh,1
11,Rachin Ravindra   7 0 37 0 0 0 5.30,New Zealand,Bangladesh,1
11,Daryl Mitchell   1 0 11 0 0 0 11.00,New Zealand,Bangladesh,1
12,Bumrah   7 1 19 2 0 1 2.70,India,Pakistan,1
12,Siraj   8 0 50 2 0 0 6.20,India,Pakistan,1
12,Hardik Pandya   6 0 34 2 0 0 5.70,India,Pakistan,1
12,Kuldeep Yadav   10 0 35 2 0 0 3.50,India,Pakistan,1
12,Ravindra Jadeja   9.5 0 38 2 0 0 3.90,India,Pakistan,1
12,Thakur   2 0 12 0 0 0 6.00,India,Pakistan,1
13,Chris Woakes   4 0 41 0 0 7 10.20,England,Afghanistan,1
13,R Topley   8.5 1 52 1 1 3 5.90,England,Afghanistan,1
13,Sam Curran   4 0 46 0 2 0 11.50,England,Afghanistan,1
13,Adil Rashid   10 1 42 3 0 1 4.20,England,Afghanistan,1
13,Mark Wood   9 0 50 2 0 0 5.60,England,Afghanistan,1
13,Livingstone   10 0 33 1 0 0 3.30,England,Afghanistan,1
13,Root   4 0 19 1 0 0 4.80,England,Afghanistan,1
14,Starc   10 0 43 2 0 4 4.30,Australia,Sri Lanka,1
14,Hazlewood   7 1 36 0 0 1 5.10,Australia,Sri Lanka,1
14,Cummins (c)   7 0 32 2 0 1 4.60,Australia,Sri Lanka,1
14,Maxwell   9.3 0 36 1 0 1 3.80,Australia,Sri Lanka,1
14,Zampa   8 1 47 4 0 2 5.90,Australia,Sri Lanka,1
14,Stoinis   2 0 11 0 0 0 5.50,Australia,Sri Lanka,1
15,Lungi Ngidi   9 1 57 2 1 10 6.30,South Africa,Netherlands,1
15,Marco Jansen   8 1 27 2 0 6 3.40,South Africa,Netherlands,1
15,Rabada   9 1 56 2 0 3 6.20,South Africa,Netherlands,1
15,Gerald Coetzee   8 0 57 1 0 2 7.10,South Africa,Netherlands,1
15,Maharaj   9 0 38 1 0 0 4.20,South Africa,Netherlands,1
16,Mujeeb   10 0 57 1 0 1 5.70,Afghanistan,New Zealand,1
16,Fazalhaq Farooqi   7 1 39 0 0 2 5.60,Afghanistan,New Zealand,1
16,Naveen-ul-Haq   8 0 48 2 0 0 6.00,Afghanistan,New Zealand,1
16,Nabi   8 1 41 0 0 0 5.10,Afghanistan,New Zealand,1
16,Rashid Khan   10 0 43 1 0 2 4.30,Afghanistan,New Zealand,1
16,Azmatullah   7 0 56 2 1 0 8.00,Afghanistan,New Zealand,1
17,Bumrah   10 1 41 2 0 1 4.10,India,Bangladesh,1
17,Siraj   10 0 60 2 0 3 6.00,India,Bangladesh,1
17,Hardik Pandya   0.3 0 8 0 0 0 16.00,India,Bangladesh,1
17,Kohli   0.3 0 2 0 0 0 4.00,India,Bangladesh,1
17,Thakur   9 0 59 1 0 0 6.60,India,Bangladesh,1
17,Kuldeep Yadav   10 0 47 1 0 1 4.70,India,Bangladesh,1
17,Ravindra Jadeja   10 0 38 2 0 0 3.80,India,Bangladesh,1
18,Shaheen Afridi   10 1 54 5 0 3 5.40,Pakistan,Australia,1
18,Hasan Ali   8 0 57 0 0 4 7.10,Pakistan,Australia,1
18,Iftikhar Ahmed   8 0 37 0 0 2 4.60,Pakistan,Australia,1
18,Haris Rauf   8 0 83 3 0 3 10.40,Pakistan,Australia,1
18,Usama Mir   9 0 82 1 0 2 9.10,Pakistan,Australia,1
18,Mohammad Nawaz   7 0 43 0 0 0 6.10,Pakistan,Australia,1
19,Dilshan Madushanka   9.4 1 49 4 1 3 5.10,Sri Lanka,Netherlands,1
19,Rajitha   9 0 50 4 0 7 5.60,Sri Lanka,Netherlands,1
19,C Karunaratne   9 1 58 0 0 10 6.40,Sri Lanka,Netherlands,1
19,M Theekshana   10 0 44 1 0 3 4.40,Sri Lanka,Netherlands,1
19,Dushan Hemantha   8 0 42 0 0 0 5.20,Sri Lanka,Netherlands,1
19,Dhananjaya de Silva   4 0 13 0 0 3 3.20,Sri Lanka,Netherlands,1
20,R Topley   8.5 0 88 3 0 4 10.00,England,South Africa,1
20,Willey   9 1 61 0 1 3 6.80,England,South Africa,1
20,Root   6.1 0 48 0 0 0 7.80,England,South Africa,1
20,Gus Atkinson   9 0 60 2 0 1 6.70,England,South Africa,1
20,Mark Wood   7 0 76 0 0 1 10.90,England,South Africa,1
20,Adil Rashid   10 0 61 2 0 0 6.10,England,South Africa,1
21,Bumrah   10 1 45 1 0 0 4.50,India,New Zealand,1
21,Siraj   10 1 45 1 0 4 4.50,India,New Zealand,1
21,Shami   10 0 54 5 0 0 5.40,India,New Zealand,1
21,Ravindra Jadeja   10 0 48 0 0 0 4.80,India,New Zealand,1
21,Kuldeep Yadav   10 0 73 2 0 3 7.30,India,New Zealand,1
22,Naveen-ul-Haq   7 0 52 2 0 3 7.40,Afghanistan,Pakistan,1
22,Mujeeb   8 0 55 0 0 0 6.90,Afghanistan,Pakistan,1
22,Nabi   10 0 31 1 0 0 3.10,Afghanistan,Pakistan,1
22,Azmatullah   5 0 50 1 0 3 10.00,Afghanistan,Pakistan,1
22,Rashid Khan   10 0 41 0 0 0 4.10,Afghanistan,Pakistan,1
22,Noor Ahmad   10 0 49 3 1 6 4.90,Afghanistan,Pakistan,1
23,Mustafizur   9 0 76 0 0 2 8.40,Bangladesh,South Africa,1
23,Mehidy Hasan Miraz   9 0 44 1 0 2 4.90,Bangladesh,South Africa,1
23,Shoriful Islam   9 0 76 1 0 0 8.40,Bangladesh,South Africa,1
23,Shakib (c)   9 0 69 1 0 1 7.70,Bangladesh,South Africa,1
23,Hasan Mahmud   6 0 67 2 0 1 11.20,Bangladesh,South Africa,1
23,Nasum Ahmed   5 0 27 0 0 0 5.40,Bangladesh,South Africa,1
23,Mahmudullah   3 0 20 0 0 1 6.70,Bangladesh,South Africa,1
24,Aryan Dutt   7 0 59 1 0 0 8.40,Netherlands,Australia,1
24,Ackermann   4 0 19 0 0 0 4.80,Netherlands,Australia,1
24,van Beek   10 0 74 4 0 5 7.40,Netherlands,Australia,1
24,van Meekeren   10 0 64 0 0 3 6.40,Netherlands,Australia,1
24,Vikramjit Singh   4 0 27 0 0 1 6.80,Netherlands,Australia,1
24,van der Merwe   5 0 41 0 0 1 8.20,Netherlands,Australia,1
24,Bas de Leede   10 0 115 2 1 1 11.50,Netherlands,Australia,1
25,Dilshan Madushanka   5 0 37 0 0 0 7.40,Sri Lanka,England,1
25,Rajitha   7 0 36 2 0 1 5.10,Sri Lanka,England,1
25,M Theekshana   8.2 1 21 1 0 3 2.50,Sri Lanka,England,1
25,Mathews   5 1 14 2 0 0 2.80,Sri Lanka,England,1
25,Lahiru Kumara   7 0 35 3 0 0 5.00,Sri Lanka,England,1
25,Dhananjaya de Silva   1 0 10 0 0 0 10.00,Sri Lanka,England,1
26,Marco Jansen   9 1 43 3 2 6 4.80,South Africa,Pakistan,1
26,Lungi Ngidi   7.4 0 45 1 0 3 5.90,South Africa,Pakistan,1
26,Markram   4 0 20 0 0 0 5.00,South Africa,Pakistan,1
26,Maharaj   9 0 56 0 0 0 6.20,South Africa,Pakistan,1
26,Gerald Coetzee   7 0 42 2 0 1 6.00,South Africa,Pakistan,1
26,Shamsi   10 0 60 4 2 1 6.00,South Africa,Pakistan,1
27,Matt Henry   6.2 0 67 1 2 2 10.60,New Zealand,Australia,1
27,Boult   10 0 77 3 0 3 7.70,New Zealand,Australia,1
27,Lockie Ferguson   3 0 38 0 0 0 12.70,New Zealand,Australia,1
27,Santner   10 0 80 2 0 1 8.00,New Zealand,Australia,1
27,Glenn Phillips   10 0 37 3 0 0 3.70,New Zealand,Australia,1
27,Rachin Ravindra   8 0 56 0 0 0 7.00,New Zealand,Australia,1
27,Neesham   2 0 32 1 0 0 16.00,New Zealand,Australia,1
28,Shoriful Islam   10 0 51 2 0 3 5.10,Bangladesh,Netherlands,1
28,Taskin Ahmed   9 1 43 2 0 1 4.80,Bangladesh,Netherlands,1
28,Shakib (c)   10 1 37 1 0 0 3.70,Bangladesh,Netherlands,1
28,Mehidy Hasan Miraz   4 0 17 0 0 0 4.20,Bangladesh,Netherlands,1
28,Mustafizur   10 1 36 2 0 1 3.60,Bangladesh,Netherlands,1
28,Mahedi Hasan   7 0 40 2 0 2 5.70,Bangladesh,Netherlands,1
29,Willey   10 2 45 3 0 0 4.50,England,India,1
29,Chris Woakes   9 1 33 2 0 1 3.70,England,India,1
29,Adil Rashid   10 0 35 2 0 0 3.50,England,India,1
29,Mark Wood   9 1 46 1 0 2 5.10,England,India,1
29,Livingstone   4 1 29 0 0 0 7.20,England,India,1
29,Moeen   8 0 37 0 0 0 4.60,England,India,1
30,Mujeeb   10 0 38 2 0 0 3.80,Afghanistan,Sri Lanka,1
30,Fazalhaq Farooqi   10 1 34 4 0 0 3.40,Afghanistan,Sri Lanka,1
30,Naveen-ul-Haq   6.3 0 47 0 0 2 7.20,Afghanistan,Sri Lanka,1
30,Azmatullah   7 0 37 1 0 1 5.30,Afghanistan,Sri Lanka,1
30,Rashid Khan   10 0 50 1 0 6 5.00,Afghanistan,Sri Lanka,1
30,Nabi   6 0 33 0 0 0 5.50,Afghanistan,Sri Lanka,1
31,Shaheen Afridi   9 1 23 3 0 2 2.60,Pakistan,Bangladesh,1
31,Iftikhar Ahmed   10 0 44 1 0 0 4.40,Pakistan,Bangladesh,1
31,Haris Rauf   8 0 36 2 0 2 4.50,Pakistan,Bangladesh,1
31,Mohammad Wasim Jr   8.1 1 31 3 0 0 3.80,Pakistan,Bangladesh,1
31,Usama Mir   10 0 66 1 0 1 6.60,Pakistan,Bangladesh,1
32,Boult   10 1 49 1 0 2 4.90,New Zealand,South Africa,1
32,Matt Henry   5.3 0 31 0 0 1 5.60,New Zealand,South Africa,1
32,Southee   10 0 77 2 0 1 7.70,New Zealand,South Africa,1
32,Santner   10 0 58 0 0 2 5.80,New Zealand,South Africa,1
32,Glenn Phillips   7 0 52 0 0 2 7.40,New Zealand,South Africa,1
32,Rachin Ravindra   2 0 17 0 0 0 8.50,New Zealand,South Africa,1
32,Neesham   5.3 0 69 1 0 0 12.50,New Zealand,South Africa,1
33,Dilshan Madushanka   10 0 80 5 0 6 8.00,Sri Lanka,India,1
33,Chameera   10 2 71 1 0 0 7.10,Sri Lanka,India,1
33,Rajitha   9 0 66 0 0 1 7.30,Sri Lanka,India,1
33,Mathews   3 0 11 0 0 0 3.70,Sri Lanka,India,1
33,M Theekshana   10 0 67 0 0 1 6.70,Sri Lanka,India,1
33,Dushan Hemantha   8 0 52 0 1 0 6.50,Sri Lanka,India,1
34,Mujeeb   10 0 40 1 0 5 4.00,Afghanistan,Netherlands,1
34,Fazalhaq Farooqi   5 0 36 0 0 2 7.20,Afghanistan,Netherlands,1
34,Azmatullah   3 0 11 0 0 0 3.70,Afghanistan,Netherlands,1
34,Nabi   9.3 1 28 3 0 1 2.90,Afghanistan,Netherlands,1
34,Rashid Khan   10 0 31 0 0 3 3.10,Afghanistan,Netherlands,1
34,Noor Ahmad   9 0 31 2 0 3 3.40,Afghanistan,Netherlands,1
35,Shaheen Afridi   10 0 90 0 0 5 9.00,Pakistan,New Zealand,1
35,Hasan Ali   10 0 82 1 1 2 8.20,Pakistan,New Zealand,1
35,Iftikhar Ahmed   8 0 55 1 0 0 6.90,Pakistan,New Zealand,1
35,Haris Rauf   10 0 85 1 0 2 8.50,Pakistan,New Zealand,1
35,Mohammad Wasim Jr   10 0 60 3 0 7 6.00,Pakistan,New Zealand,1
35,Agha Salman   2 0 21 0 0 1 10.50,Pakistan,New Zealand,1
36,Willey   10 1 48 1 0 1 4.80,England,Australia,1
36,Chris Woakes   9.3 0 54 4 0 0 5.70,England,Australia,1
36,Mark Wood   10 0 70 2 0 3 7.00,England,Australia,1
36,Livingstone   6 0 42 1 0 0 7.00,England,Australia,1
36,Moeen   4 0 28 0 0 0 7.00,England,Australia,1
36,Adil Rashid   10 0 38 2 0 0 3.80,England,Australia,1
37,Lungi Ngidi   8.2 0 63 1 0 2 7.60,South Africa,India,1
37,Marco Jansen   9.4 0 94 1 1 11 9.70,South Africa,India,1
37,Rabada   10 1 48 1 0 0 4.80,South Africa,India,1
37,Maharaj   10 0 30 1 0 1 3.00,South Africa,India,1
37,Shamsi   10 0 72 1 1 7 7.20,South Africa,India,1
37,Markram   2 0 17 0 0 1 8.50,South Africa,India,1
38,Shoriful Islam   9.3 0 52 2 0 1 5.50,Bangladesh,Sri Lanka,1
38,Taskin Ahmed   10 1 39 0 0 1 3.90,Bangladesh,Sri Lanka,1
38,Tanzim Hasan Sakib   10 0 80 3 0 2 8.00,Bangladesh,Sri Lanka,1
38,Shakib (c)   10 0 57 2 0 0 5.70,Bangladesh,Sri Lanka,1
38,Mehidy Hasan Miraz   10 0 49 1 0 0 4.90,Bangladesh,Sri Lanka,1
39,Starc   9 0 70 1 0 5 7.80,Australia,Afghanistan,1
39,Hazlewood   9 0 39 2 0 1 4.30,Australia,Afghanistan,1
39,Maxwell   10 0 55 1 1 0 5.50,Australia,Afghanistan,1
39,Cummins (c)   8 0 47 0 0 1 5.90,Australia,Afghanistan,1
39,Zampa   10 0 58 1 0 3 5.80,Australia,Afghanistan,1
39,Head   3 0 15 0 0 0 5.00,Australia,Afghanistan,1
39,Stoinis   1 0 2 0 0 0 2.00,Australia,Afghanistan,1
40,Aryan Dutt   10 0 67 2 1 1 6.70,Netherlands,England,1
40,van Beek   10 0 88 2 0 14 8.80,Netherlands,England,1
40,van Meekeren   10 0 57 1 0 5 5.70,Netherlands,England,1
40,Bas de Leede   10 0 74 3 0 0 7.40,Netherlands,England,1
40,van der Merwe   3 0 22 0 0 0 7.30,Netherlands,England,1
40,Ackermann   7 0 31 0 0 0 4.40,Netherlands,England,1
41,Boult   10 3 37 3 0 3 3.70,New Zealand,Sri Lanka,1
41,Southee   8 0 52 1 0 0 6.50,New Zealand,Sri Lanka,1
41,Lockie Ferguson   10 2 35 2 0 0 3.50,New Zealand,Sri Lanka,1
41,Santner   10 2 22 2 0 0 2.20,New Zealand,Sri Lanka,1
41,Rachin Ravindra   7.4 0 21 2 0 0 2.70,New Zealand,Sri Lanka,1
41,Glenn Phillips   1 0 3 0 0 0 3.00,New Zealand,Sri Lanka,1
42,Rabada   10 0 40 0 0 0 4.00,South Africa,Afghanistan,1
42,Lungi Ngidi   8.3 0 69 2 0 6 8.10,South Africa,Afghanistan,1
42,Markram   4.3 0 25 0 0 0 5.60,South Africa,Afghanistan,1
42,Gerald Coetzee   10 1 44 4 0 2 4.40,South Africa,Afghanistan,1
42,Maharaj   10 1 25 2 0 2 2.50,South Africa,Afghanistan,1
42,Phehlukwayo   7 0 36 1 0 0 5.10,South Africa,Afghanistan,1
43,Hazlewood   7 1 21 0 0 0 3.00,Australia,Bangladesh,1
43,Cummins (c)   8 0 56 0 0 8 7.00,Australia,Bangladesh,1
43,Abbott   10 0 61 2 1 0 6.10,Australia,Bangladesh,1
43,Mitchell Marsh   4 0 48 0 1 2 12.00,Australia,Bangladesh,1
43,Zampa   10 0 32 2 0 0 3.20,Australia,Bangladesh,1
43,Head   6 0 33 0 0 0 5.50,Australia,Bangladesh,1
43,Stoinis   5 0 45 1 0 2 9.00,Australia,Bangladesh,1
44,Shaheen Afridi   10 1 72 2 0 0 7.20,Pakistan,England,1
44,Haris Rauf   10 0 64 3 0 11 6.40,Pakistan,England,1
44,Iftikhar Ahmed   7 0 38 1 0 0 5.40,Pakistan,England,1
44,Mohammad Wasim Jr   10 0 74 2 0 1 7.40,Pakistan,England,1
44,Shadab Khan   10 0 57 0 0 0 5.70,Pakistan,England,1
44,Agha Salman   3 0 25 0 0 0 8.30,Pakistan,England,1
45,Aryan Dutt   7 0 52 0 0 1 7.40,Netherlands,India,1
45,van Beek   10 0 107 0 0 1 10.70,Netherlands,India,1
45,Ackermann   3 0 25 0 0 1 8.30,Netherlands,India,1
45,van Meekeren   10 0 90 1 1 2 9.00,Netherlands,India,1
45,van der Merwe   10 0 53 1 0 0 5.30,Netherlands,India,1
45,Bas de Leede   10 0 82 2 0 8 8.20,Netherlands,India,1
46,Boult   10 0 86 1 0 2 8.60,New Zealand,India,1
46,Southee   10 0 100 3 0 1 10.00,New Zealand,India,1
46,Santner   10 1 51 0 0 0 5.10,New Zealand,India,1
46,Lockie Ferguson   8 0 65 0 0 1 8.10,New Zealand,India,1
46,Rachin Ravindra   7 0 60 0 0 2 8.60,New Zealand,India,1
46,Glenn Phillips   5 0 33 0 0 0 6.60,New Zealand,India,1
47,Starc   10 1 34 3 0 4 3.40,Australia,South Africa,1
47,Hazlewood   8 3 12 2 0 0 1.50,Australia,South Africa,1
47,Cummins (c)   9.4 0 51 3 0 2 5.30,Australia,South Africa,1
47,Zampa   7 0 55 0 0 0 7.90,Australia,South Africa,1
47,Maxwell   10 0 35 0 0 0 3.50,Australia,South Africa,1
47,Head   5 0 21 2 0 1 4.20,Australia,South Africa,1
48,Starc   10 0 55 3 0 4 5.50,Australia,India,1
48,Hazlewood   10 0 60 2 0 1 6.00,Australia,India,1
48,Maxwell   6 0 35 1 0 0 5.80,Australia,India,1
48,Cummins (c)   10 0 34 2 0 2 3.40,Australia,India,1
48,Zampa   10 0 44 1 0 2 4.40,Australia,India,1
48,Mitchell Marsh   2 0 5 0 0 0 2.50,Australia,India,1
48,Head   2 0 4 0 0 0 2.00,Australia,India,1
1,Chris Woakes   6 0 45 0 0 0 7.50,England,New Zealand,2
1,Sam Curran   6 2 47 1 0 2 7.80,England,New Zealand,2
1,Mark Wood   5 0 55 0 0 1 11.00,England,New Zealand,2
1,Moeen Ali   9.2 0 60 0 0 0 6.40,England,New Zealand,2
1,Adil Rashid   7 0 47 0 0 0 6.70,England,New Zealand,2
1,Liam Livingstone   3 0 24 0 0 0 8.00,England,New Zealand,2
2,Shaheen Afridi   7 0 37 1 0 2 5.30,Pakistan,Netherlands,2
2,Hasan Ali   7 1 33 2 0 4 4.70,Pakistan,Netherlands,2
2,Haris Rauf   9 0 43 3 0 2 4.80,Pakistan,Netherlands,2
2,Iftikhar Ahmed   3 0 16 1 0 0 5.30,Pakistan,Netherlands,2
2,Mohammad Nawaz   7 0 31 1 0 0 4.40,Pakistan,Netherlands,2
2,Shadab Khan   8 0 45 1 0 1 5.60,Pakistan,Netherlands,2
3,Fazalhaq Farooqi   5 0 19 1 0 2 3.80,Afghanistan,Bangladesh,2
3,Mujeeb Ur Rahman   7 0 30 0 0 0 4.30,Afghanistan,Bangladesh,2
3,Naveen-ul-Haq   5.4 0 31 1 1 1 5.50,Afghanistan,Bangladesh,2
3,Rashid Khan   9 0 48 0 0 0 5.30,Afghanistan,Bangladesh,2
3,Mohammad Nabi   6 1 18 0 0 1 3.00,Afghanistan,Bangladesh,2
3,Azmatullah Omarzai   2 0 9 1 0 0 4.50,Afghanistan,Bangladesh,2
4,Lungi Ngidi   8 1 49 1 0 2 6.10,South Africa,Sri Lanka,2
4,Marco Jansen   10 0 92 2 0 3 9.20,South Africa,Sri Lanka,2
4,Kagiso Rabada   7.5 0 50 2 1 2 6.40,South Africa,Sri Lanka,2
4,Keshav Maharaj   10 0 62 2 0 6 6.20,South Africa,Sri Lanka,2
4,Gerald Coetzee   9 0 68 3 0 1 7.60,South Africa,Sri Lanka,2
5,Mitchell Starc   8 0 31 1 0 3 3.90,Australia,India,2
5,Josh Hazlewood   9 1 38 3 0 1 4.20,Australia,India,2
5,Pat Cummins (c)   6.2 0 33 0 1 1 5.20,Australia,India,2
5,Glenn Maxwell   8 0 33 0 0 0 4.10,Australia,India,2
5,Cameron Green   2 0 11 0 0 0 5.50,Australia,India,2
5,Adam Zampa   8 0 53 0 0 0 6.60,Australia,India,2
6,Trent Boult   8 0 34 0 0 2 4.20,New Zealand,Netherlands,2
6,Matt Henry   8.3 0 40 3 0 0 4.70,New Zealand,Netherlands,2
6,Mitchell Santner   10 0 59 5 0 0 5.90,New Zealand,Netherlands,2
6,Lockie Ferguson   8 0 32 0 0 0 4.00,New Zealand,Netherlands,2
6,Rachin Ravindra   10 0 46 1 1 0 4.60,New Zealand,Netherlands,2
6,Glenn Phillips   2 0 11 0 0 0 5.50,New Zealand,Netherlands,2
7,Chris Woakes   8 0 49 2 0 0 6.10,England,Bangladesh,2
7,Reece Topley   10 1 43 4 0 0 4.30,England,Bangladesh,2
7,Sam Curran   7.2 0 47 1 0 2 6.40,England,Bangladesh,2
7,Mark Wood   10 0 29 1 0 1 2.90,England,Bangladesh,2
7,Adil Rashid   10 0 42 1 0 0 4.20,England,Bangladesh,2
7,Liam Livingstone   3 0 13 1 0 0 4.30,England,Bangladesh,2
8,Maheesh Theekshana   10 0 59 1 0 5 5.90,Sri Lanka,Pakistan,2
8,Dilshan Madushanka   9.2 0 60 2 1 2 6.40,Sri Lanka,Pakistan,2
8,Dasun Shanaka (c)   5 0 28 0 0 0 5.60,Sri Lanka,Pakistan,2
8,Matheesha Pathirana   9 0 90 1 0 18 10.00,Sri Lanka,Pakistan,2
8,Dunith Wellalage   10 0 62 0 0 0 6.20,Sri Lanka,Pakistan,2
8,Dhananjaya de Silva   4 0 36 0 0 0 9.00,Sri Lanka,Pakistan,2
8,Charith Asalanka   1 0 10 0 0 0 10.00,Sri Lanka,Pakistan,2
9,Fazalhaq Farooqi   6 0 50 0 0 1 8.30,Afghanistan,India,2
9,Mujeeb Ur Rahman   8 0 64 0 0 7 8.00,Afghanistan,India,2
9,Naveen-ul-Haq   5 0 31 0 0 0 6.20,Afghanistan,India,2
9,Azmatullah Omarzai   4 0 34 0 0 1 8.50,Afghanistan,India,2
9,Mohammad Nabi   4 0 32 0 0 0 8.00,Afghanistan,India,2
9,Rashid Khan   8 0 57 2 0 1 7.10,Afghanistan,India,2
10,Lungi Ngidi   8 2 18 1 0 1 2.20,South Africa,Australia,2
10,Marco Jansen   7 0 54 2 1 7 7.70,South Africa,Australia,2
10,Kagiso Rabada   8 1 33 3 1 1 4.10,South Africa,Australia,2
10,Keshav Maharaj   10 0 30 2 0 2 3.00,South Africa,Australia,2
10,Tabraiz Shamsi   7.5 0 38 2 0 0 4.90,South Africa,Australia,2
11,Mustafizur Rahman   8 0 36 1 0 3 4.50,Bangladesh,New Zealand,2
11,Shoriful Islam   7.5 1 43 0 0 3 5.50,Bangladesh,New Zealand,2
11,Taskin Ahmed   8 0 56 0 0 3 7.00,Bangladesh,New Zealand,2
11,Shakib Al Hasan (c)   10 0 54 1 0 0 5.40,Bangladesh,New Zealand,2
11,Mehidy Hasan Miraz   9 0 58 0 0 1 6.40,Bangladesh,New Zealand,2
12,Shaheen Afridi   6 0 36 2 0 1 6.00,Pakistan,India,2
12,Hasan Ali   6 0 34 1 0 0 5.70,Pakistan,India,2
12,Mohammad Nawaz   8.3 0 47 0 0 0 5.50,Pakistan,India,2
12,Haris Rauf   6 0 43 0 0 0 7.20,Pakistan,India,2
12,Shadab Khan   4 0 31 0 0 0 7.80,Pakistan,India,2
13,Mujeeb Ur Rahman   10 1 51 3 0 5 5.10,Afghanistan,England,2
13,Fazalhaq Farooqi   7 0 50 1 0 2 7.10,Afghanistan,England,2
13,Naveen-ul-Haq   6 1 44 1 1 0 7.30,Afghanistan,England,2
13,Mohammad Nabi   6 0 16 2 0 1 2.70,Afghanistan,England,2
13,Rashid Khan   9.3 1 37 3 0 0 3.90,Afghanistan,England,2
13,Azmatullah Omarzai   2 0 13 0 0 0 6.50,Afghanistan,England,2
14,Lahiru Kumara   4 0 47 0 0 0 11.80,Sri Lanka,Australia,2
14,Dilshan Madushanka   9 2 38 3 0 1 4.20,Sri Lanka,Australia,2
14,Maheesh Theekshana   7 0 49 0 0 0 7.00,Sri Lanka,Australia,2
14,Dunith Wellalage   9.2 0 53 1 0 0 5.70,Sri Lanka,Australia,2
14,Chamika Karunaratne   3 0 15 0 0 2 5.00,Sri Lanka,Australia,2
14,Dhananjaya de Silva   3 0 13 0 0 0 4.30,Sri Lanka,Australia,2
15,Aryan Dutt   5 1 19 0 0 0 3.80,Netherlands,South Africa,2
15,Logan van Beek   8.5 0 60 3 1 1 6.80,Netherlands,South Africa,2
15,Colin Ackermann   3 0 16 1 0 0 5.30,Netherlands,South Africa,2
15,Paul van Meekeren   9 0 40 2 0 0 4.40,Netherlands,South Africa,2
15,Roelof van der Merwe   9 0 34 2 0 0 3.80,Netherlands,South Africa,2
15,Bas de Leede   8 0 36 2 0 4 4.50,Netherlands,South Africa,2
16,Trent Boult   7 1 18 2 0 2 2.60,New Zealand,Afghanistan,2
16,Matt Henry   5 2 16 1 0 0 3.20,New Zealand,Afghanistan,2
16,Mitchell Santner   7.4 0 39 3 0 1 5.10,New Zealand,Afghanistan,2
16,Lockie Ferguson   7 1 19 3 0 1 2.70,New Zealand,Afghanistan,2
16,Glenn Phillips   3 0 13 0 0 1 4.30,New Zealand,Afghanistan,2
16,Rachin Ravindra   5 0 34 1 0 0 6.80,New Zealand,Afghanistan,2
17,Shoriful Islam   8 0 54 0 0 0 6.80,Bangladesh,India,2
17,Mustafizur Rahman   5 0 29 0 0 0 5.80,Bangladesh,India,2
17,Nasum Ahmed   9.3 0 60 0 0 0 6.30,Bangladesh,India,2
17,Hasan Mahmud   8 0 65 1 2 1 8.10,Bangladesh,India,2
17,Mehidy Hasan Miraz   10 0 47 2 0 1 4.70,Bangladesh,India,2
17,Mahmudullah   1 0 6 0 0 0 6.00,Bangladesh,India,2
18,Mitchell Starc   8 0 65 1 0 6 8.10,Australia,Pakistan,2
18,Josh Hazlewood   10 1 37 1 0 1 3.70,Australia,Pakistan,2
18,Pat Cummins (c)   7.3 0 62 2 0 0 8.30,Australia,Pakistan,2
18,Adam Zampa   10 0 53 4 0 1 5.30,Australia,Pakistan,2
18,Glenn Maxwell   5 0 40 0 0 0 8.00,Australia,Pakistan,2
18,Marcus Stoinis   5 0 40 2 0 3 8.00,Australia,Pakistan,2
19,Aryan Dutt   10 0 44 3 0 2 4.40,Netherlands,Sri Lanka,2
19,Logan van Beek   10 0 57 0 0 0 5.70,Netherlands,Sri Lanka,2
19,Paul van Meekeren   8 1 39 1 0 6 4.90,Netherlands,Sri Lanka,2
19,Bas de Leede   3 0 29 0 0 2 9.70,Netherlands,Sri Lanka,2
19,Roelof van der Merwe   9 0 42 0 0 1 4.70,Netherlands,Sri Lanka,2
19,Colin Ackermann   8.2 0 39 1 0 0 4.70,Netherlands,Sri Lanka,2
20,Lungi Ngidi   5 1 26 2 0 3 5.20,South Africa,England,2
20,Marco Jansen   5 0 35 2 0 1 7.00,South Africa,England,2
20,Kagiso Rabada   6 1 38 1 1 0 6.30,South Africa,England,2
20,Gerald Coetzee   4 0 35 3 0 1 8.80,South Africa,England,2
20,Keshav Maharaj   2 0 27 1 0 0 13.50,South Africa,England,2
21,Trent Boult   10 0 60 1 0 1 6.00,New Zealand,India,2
21,Matt Henry   9 0 55 1 0 0 6.10,New Zealand,India,2
21,Mitchell Santner   10 0 37 1 0 0 3.70,New Zealand,India,2
21,Lockie Ferguson   8 0 63 2 0 2 7.90,New Zealand,India,2
21,Rachin Ravindra   9 0 46 0 0 1 5.10,New Zealand,India,2
21,Glenn Phillips   2 0 12 0 0 0 6.00,New Zealand,India,2
22,Shaheen Afridi   10 0 58 1 0 2 5.80,Pakistan,Afghanistan,2
22,Hasan Ali   10 1 44 1 0 1 4.40,Pakistan,Afghanistan,2
22,Haris Rauf   8 1 53 0 0 3 6.60,Pakistan,Afghanistan,2
22,Usama Mir   8 0 55 0 1 2 6.90,Pakistan,Afghanistan,2
22,Shadab Khan   8 0 49 0 0 0 6.10,Pakistan,Afghanistan,2
22,Iftikhar Ahmed   5 0 27 0 0 0 5.40,Pakistan,Afghanistan,2
23,Marco Jansen   8 0 39 2 0 5 4.90,South Africa,Bangladesh,2
23,Lizaad Williams   8.4 1 56 2 0 6 6.50,South Africa,Bangladesh,2
23,Gerald Coetzee   10 0 62 3 1 1 6.20,South Africa,Bangladesh,2
23,Kagiso Rabada   10 1 42 2 1 0 4.20,South Africa,Bangladesh,2
23,Keshav Maharaj   10 0 32 1 0 1 3.20,South Africa,Bangladesh,2
24,Mitchell Starc   4 0 22 1 0 2 5.50,Australia,Netherlands,2
24,Josh Hazlewood   6 0 27 1 0 2 4.50,Australia,Netherlands,2
24,Pat Cummins (c)   4 0 14 1 0 0 3.50,Australia,Netherlands,2
24,Mitchell Marsh   4 0 19 2 0 3 4.80,Australia,Netherlands,2
24,Adam Zampa   3 0 8 4 0 0 2.70,Australia,Netherlands,2
25,Chris Woakes   6 0 30 0 0 2 5.00,England,Sri Lanka,2
25,David Willey   5 0 30 2 0 1 6.00,England,Sri Lanka,2
25,Adil Rashid   4.4 0 39 0 0 0 8.40,England,Sri Lanka,2
25,Mark Wood   4 0 23 0 0 0 5.80,England,Sri Lanka,2
25,Liam Livingstone   3 0 17 0 0 0 5.70,England,Sri Lanka,2
25,Moeen Ali   3 0 21 0 0 0 7.00,England,Sri Lanka,2
26,Iftikhar Ahmed   3 0 23 0 0 5 7.70,Pakistan,South Africa,2
26,Shaheen Afridi   10 0 45 3 0 3 4.50,Pakistan,South Africa,2
26,Mohammad Nawaz   6.2 0 40 0 0 0 6.30,Pakistan,South Africa,2
26,Haris Rauf   10 0 62 2 0 2 6.20,Pakistan,South Africa,2
26,Mohammad Wasim Jr   10 1 50 2 0 4 5.00,Pakistan,South Africa,2
26,Usama Mir   8 0 45 2 0 1 5.60,Pakistan,South Africa,2
27,Mitchell Starc   9 0 89 0 0 17 9.90,Australia,New Zealand,2
27,Josh Hazlewood   9 0 70 2 0 1 7.80,Australia,New Zealand,2
27,Pat Cummins (c)   10 0 66 2 0 3 6.60,Australia,New Zealand,2
27,Glenn Maxwell   10 0 62 1 0 0 6.20,Australia,New Zealand,2
27,Adam Zampa   10 0 74 3 0 0 7.40,Australia,New Zealand,2
27,Mitchell Marsh   2 0 18 0 0 1 9.00,Australia,New Zealand,2
28,Aryan Dutt   10 3 26 1 0 0 2.60,Netherlands,Bangladesh,2
28,Logan van Beek   9 1 30 1 0 4 3.30,Netherlands,Bangladesh,2
28,Colin Ackermann   7 1 25 1 0 0 3.60,Netherlands,Bangladesh,2
28,Paul van Meekeren   7.2 0 23 4 0 2 3.10,Netherlands,Bangladesh,2
28,Bas de Leede   7 0 25 2 0 0 3.60,Netherlands,Bangladesh,2
28,Shariz Ahmad   2 0 13 0 0 0 6.50,Netherlands,Bangladesh,2
29,Jasprit Bumrah   6.5 1 32 3 0 2 4.70,India,England,2
29,Mohammed Siraj   6 0 33 0 0 2 5.50,India,England,2
29,Mohammed Shami   7 2 22 4 0 2 3.10,India,England,2
29,Kuldeep Yadav   8 0 24 2 0 0 3.00,India,England,2
29,Ravindra Jadeja   7 1 16 1 0 0 2.30,India,England,2
30,Dilshan Madushanka   9 0 48 2 0 3 5.30,Sri Lanka,Afghanistan,2
30,Kasun Rajitha   10 0 48 1 0 2 4.80,Sri Lanka,Afghanistan,2
30,Angelo Mathews   3 0 18 0 0 0 6.00,Sri Lanka,Afghanistan,2
30,Dushmantha Chameera   9.2 0 51 0 0 0 5.50,Sri Lanka,Afghanistan,2
30,Maheesh Theekshana   10 0 55 0 0 4 5.50,Sri Lanka,Afghanistan,2
30,Dhananjaya de Silva   4 0 21 0 0 0 5.20,Sri Lanka,Afghanistan,2
31,Taskin Ahmed   6 1 36 0 0 0 6.00,Bangladesh,Pakistan,2
31,Shoriful Islam   4 1 25 0 0 1 6.20,Bangladesh,Pakistan,2
31,Mehidy Hasan Miraz   9 0 60 3 0 0 6.70,Bangladesh,Pakistan,2
31,Mustafizur Rahman   7 0 47 0 0 1 6.70,Bangladesh,Pakistan,2
31,Shakib Al Hasan (c)   5.3 0 30 0 0 0 5.50,Bangladesh,Pakistan,2
31,Najmul Hossain Shanto   1 0 5 0 0 0 5.00,Bangladesh,Pakistan,2
32,Marco Jansen   8 1 31 3 1 1 3.90,South Africa,New Zealand,2
32,Lungi Ngidi   6 1 28 0 0 0 4.70,South Africa,New Zealand,2
32,Kagiso Rabada   6 2 16 1 0 0 2.70,South Africa,New Zealand,2
32,Gerald Coetzee   6.3 0 41 2 0 5 6.30,South Africa,New Zealand,2
32,Keshav Maharaj   9 0 46 4 0 0 5.10,South Africa,New Zealand,2
33,Jasprit Bumrah   5 1 8 1 0 3 1.60,India,Sri Lanka,2
33,Mohammed Siraj   7 2 16 3 0 1 2.30,India,Sri Lanka,2
33,Mohammed Shami   5 1 18 5 0 0 3.60,India,Sri Lanka,2
33,Kuldeep Yadav   2 0 3 0 0 0 1.50,India,Sri Lanka,2
33,Ravindra Jadeja   0.4 0 4 1 0 0 6.00,India,Sri Lanka,2
34,Aryan Dutt   8.3 0 49 0 0 3 5.80,Netherlands,Afghanistan,2
34,Logan van Beek   7 0 30 1 0 2 4.30,Netherlands,Afghanistan,2
34,Paul van Meekeren   5 0 35 0 1 1 7.00,Netherlands,Afghanistan,2
34,Roelof van der Merwe   5 0 27 1 0 0 5.40,Netherlands,Afghanistan,2
34,Saqib Zulfiqar   3 0 25 1 1 0 8.30,Netherlands,Afghanistan,2
34,Colin Ackermann   3 0 12 0 0 1 4.00,Netherlands,Afghanistan,2
35,Trent Boult   6 0 50 0 0 2 8.30,New Zealand,Pakistan,2
35,Tim Southee   5 0 27 1 0 0 5.40,New Zealand,Pakistan,2
35,Mitchell Santner   5 0 35 0 0 0 7.00,New Zealand,Pakistan,2
35,Glenn Phillips   5 1 42 0 0 0 8.40,New Zealand,Pakistan,2
35,Ish Sodhi   4 0 44 0 0 1 11.00,New Zealand,Pakistan,2
35,Daryl Mitchell   0.3 0 1 0 0 0 2.00,New Zealand,Pakistan,2
36,Mitchell Starc   10 0 66 2 0 4 6.60,Australia,England,2
36,Josh Hazlewood   9.1 1 49 2 0 2 5.30,Australia,England,2
36,Pat Cummins (c)   10 1 49 2 0 0 4.90,Australia,England,2
36,Adam Zampa   10 0 21 3 0 2 2.10,Australia,England,2
36,Travis Head   5 0 28 0 0 0 5.60,Australia,England,2
36,Marcus Stoinis   4 0 34 1 0 0 8.50,Australia,England,2
37,Jasprit Bumrah   5 0 14 0 0 1 2.80,India,South Africa,2
37,Mohammed Siraj   4 1 11 1 0 0 2.80,India,South Africa,2
37,Ravindra Jadeja   9 1 33 5 0 0 3.70,India,South Africa,2
37,Mohammed Shami   4 0 18 2 0 1 4.50,India,South Africa,2
37,Kuldeep Yadav   5.1 1 7 2 0 0 1.40,India,South Africa,2
38,Dilshan Madushanka   10 1 69 3 0 4 6.90,Sri Lanka,Bangladesh,2
38,Maheesh Theekshana   9 0 44 2 0 3 4.90,Sri Lanka,Bangladesh,2
38,Kasun Rajitha   4 0 47 0 0 0 11.80,Sri Lanka,Bangladesh,2
38,Dushmantha Chameera   8 0 54 0 0 2 6.80,Sri Lanka,Bangladesh,2
38,Angelo Mathews   7.1 1 35 2 0 1 4.90,Sri Lanka,Bangladesh,2
38,Dhananjaya de Silva   3 0 20 0 0 0 6.70,Sri Lanka,Bangladesh,2
39,Mujeeb Ur Rahman   8.5 1 72 0 0 0 8.20,Afghanistan,Australia,2
39,Naveen-ul-Haq   9 0 47 2 0 1 5.20,Afghanistan,Australia,2
39,Azmatullah Omarzai   7 1 52 2 0 1 7.40,Afghanistan,Australia,2
39,Rashid Khan   10 0 44 2 0 3 4.40,Afghanistan,Australia,2
39,Noor Ahmad   10 1 53 0 0 5 5.30,Afghanistan,Australia,2
39,Mohammad Nabi   2 0 20 0 0 0 10.00,Afghanistan,Australia,2
40,Chris Woakes   7 0 19 1 0 2 2.70,England,Netherlands,2
40,David Willey   7 2 19 2 0 0 2.70,England,Netherlands,2
40,Gus Atkinson   7 0 41 0 0 1 5.90,England,Netherlands,2
40,Moeen Ali   8.2 0 42 3 0 0 5.00,England,Netherlands,2
40,Adil Rashid   8 0 54 3 0 1 6.80,England,Netherlands,2
41,Dilshan Madushanka   6.2 0 58 0 0 1 9.20,Sri Lanka,New Zealand,2
41,Maheesh Theekshana   7 0 43 1 0 0 6.10,Sri Lanka,New Zealand,2
41,Dhananjaya de Silva   2 0 22 0 0 0 11.00,Sri Lanka,New Zealand,2
41,Dushmantha Chameera   4 1 20 1 0 0 5.00,Sri Lanka,New Zealand,2
41,Angelo Mathews   4 0 29 2 0 1 7.20,Sri Lanka,New Zealand,2
42,Mujeeb Ur Rahman   10 0 51 1 0 1 5.10,Afghanistan,South Africa,2
42,Naveen-ul-Haq   6.3 0 52 0 0 1 8.00,Afghanistan,South Africa,2
42,Mohammad Nabi   10 1 35 2 0 0 3.50,Afghanistan,South Africa,2
42,Azmatullah Omarzai   1 0 8 0 0 0 8.00,Afghanistan,South Africa,2
42,Rashid Khan   10 1 37 2 0 1 3.70,Afghanistan,South Africa,2
42,Noor Ahmad   9 0 49 0 0 3 5.40,Afghanistan,South Africa,2
42,Rahmat Shah   1 0 12 0 0 0 12.00,Afghanistan,South Africa,2
43,Taskin Ahmed   10 0 61 1 0 1 6.10,Bangladesh,Australia,2
43,Mahedi Hasan   9 0 38 0 0 1 4.20,Bangladesh,Australia,2
43,Nasum Ahmed   10 0 85 0 0 1 8.50,Bangladesh,Australia,2
43,Mehidy Hasan Miraz   6 0 47 0 0 0 7.80,Bangladesh,Australia,2
43,Mustafizur Rahman   9.4 1 76 1 0 1 7.90,Bangladesh,Australia,2
44,David Willey   10 0 56 3 0 2 5.60,England,Pakistan,2
44,Chris Woakes   5.3 0 27 1 0 0 4.90,England,Pakistan,2
44,Adil Rashid   10 0 55 2 0 1 5.50,England,Pakistan,2
44,Gus Atkinson   8 0 45 2 0 2 5.60,England,Pakistan,2
44,Moeen Ali   10 0 60 2 0 0 6.00,England,Pakistan,2
45,Jasprit Bumrah   9 1 33 2 0 1 3.70,India,Netherlands,2
45,Mohammed Siraj   6 1 29 2 0 1 4.80,India,Netherlands,2
45,Mohammed Shami   6 0 41 0 0 1 6.80,India,Netherlands,2
45,Kuldeep Yadav   10 1 41 2 0 0 4.10,India,Netherlands,2
45,Ravindra Jadeja   9 0 49 2 0 1 5.40,India,Netherlands,2
45,Virat Kohli   3 0 13 1 0 0 4.30,India,Netherlands,2
45,Shubman Gill   2 0 11 0 0 0 5.50,India,Netherlands,2
45,Suryakumar Yadav   2 0 17 0 0 0 8.50,India,Netherlands,2
45,Rohit Sharma (c)   0.5 0 7 1 0 0 8.40,India,Netherlands,2
46,Jasprit Bumrah   10 1 64 1 0 10 6.40,India,New Zealand,2
46,Mohammed Siraj   9 0 78 1 0 3 8.70,India,New Zealand,2
46,Mohammed Shami   9.5 0 57 7 0 6 5.80,India,New Zealand,2
46,Ravindra Jadeja   10 0 63 0 1 0 6.30,India,New Zealand,2
46,Kuldeep Yadav   10 0 56 1 0 0 5.60,India,New Zealand,2
47,Marco Jansen   4.2 0 35 0 0 4 8.10,South Africa,Australia,2
47,Kagiso Rabada   6 0 41 1 1 1 6.80,South Africa,Australia,2
47,Aiden Markram   8 1 23 1 0 1 2.90,South Africa,Australia,2
47,Gerald Coetzee   9 0 47 2 1 1 5.20,South Africa,Australia,2
47,Tabraiz Shamsi   10 0 42 2 0 5 4.20,South Africa,Australia,2
47,Keshav Maharaj   10 0 24 1 0 0 2.40,South Africa,Australia,2
48,Jasprit Bumrah   9 2 43 2 0 0 4.80,India,Australia,2
48,Mohammed Shami   7 1 47 1 0 9 6.70,India,Australia,2
48,Ravindra Jadeja   10 0 43 0 0 2 4.30,India,Australia,2
48,Kuldeep Yadav   10 0 56 0 0 0 5.60,India,Australia,2
48,Mohammed Siraj   7 0 45 1 0 0 6.40,India,Australia,2
